{"self-bleu": 0.1778279410038923, "fw-bleu": 5.9654628403658545e-05, "bw-bleu": 0.019191199146205738, "fw-bw-bleu": 0.00011893954076961364}