{"self-bleu": 0.4202123077829791, "fw-bleu": 0.012432321032222176, "bw-bleu": 0.022094803983928324, "fw-bw-bleu": 0.015911530203787824}